{
    "name": "root",
    "gauges": {
        "Breakout.Policy.Entropy.mean": {
            "value": 0.4665907323360443,
            "min": 0.2904279828071594,
            "max": 1.08986234664917,
            "count": 70
        },
        "Breakout.Policy.Entropy.sum": {
            "value": 4658.44189453125,
            "min": 2902.82763671875,
            "max": 10924.7802734375,
            "count": 70
        },
        "Breakout.Step.mean": {
            "value": 699971.0,
            "min": 9960.0,
            "max": 699971.0,
            "count": 70
        },
        "Breakout.Step.sum": {
            "value": 699971.0,
            "min": 9960.0,
            "max": 699971.0,
            "count": 70
        },
        "Breakout.Policy.ExtrinsicValueEstimate.mean": {
            "value": 1.3701645135879517,
            "min": 0.04381010681390762,
            "max": 1.8235260248184204,
            "count": 70
        },
        "Breakout.Policy.ExtrinsicValueEstimate.sum": {
            "value": 213.74566650390625,
            "min": 7.579148292541504,
            "max": 286.2935791015625,
            "count": 70
        },
        "Breakout.Environment.EpisodeLength.mean": {
            "value": 16313.5,
            "min": 177.83928571428572,
            "max": 66294.0,
            "count": 48
        },
        "Breakout.Environment.EpisodeLength.sum": {
            "value": 32627.0,
            "min": 3729.0,
            "max": 66294.0,
            "count": 48
        },
        "Breakout.Environment.CumulativeReward.mean": {
            "value": 199.1899789571762,
            "min": 0.8113998711109162,
            "max": 778.459915459156,
            "count": 48
        },
        "Breakout.Environment.CumulativeReward.sum": {
            "value": 398.3799579143524,
            "min": 40.56999355554581,
            "max": 778.459915459156,
            "count": 48
        },
        "Breakout.Policy.ExtrinsicReward.mean": {
            "value": 199.1899789571762,
            "min": 0.8113998711109162,
            "max": 778.459915459156,
            "count": 48
        },
        "Breakout.Policy.ExtrinsicReward.sum": {
            "value": 398.3799579143524,
            "min": 40.56999355554581,
            "max": 778.459915459156,
            "count": 48
        },
        "Breakout.Losses.PolicyLoss.mean": {
            "value": 0.0980332745192102,
            "min": 0.088582617694258,
            "max": 0.10506066542519774,
            "count": 70
        },
        "Breakout.Losses.PolicyLoss.sum": {
            "value": 0.3921330980768408,
            "min": 0.3645686542408334,
            "max": 0.5253033271259887,
            "count": 70
        },
        "Breakout.Losses.ValueLoss.mean": {
            "value": 0.018022655494713383,
            "min": 0.0018348886185758418,
            "max": 0.15234947917663086,
            "count": 70
        },
        "Breakout.Losses.ValueLoss.sum": {
            "value": 0.07209062197885353,
            "min": 0.007378442322887066,
            "max": 0.7617473958831543,
            "count": 70
        },
        "Breakout.Policy.LearningRate.mean": {
            "value": 9.14583695139e-05,
            "min": 9.14583695139e-05,
            "max": 0.00029844000051999997,
            "count": 70
        },
        "Breakout.Policy.LearningRate.sum": {
            "value": 0.0003658334780556,
            "min": 0.0003658334780556,
            "max": 0.0014781396072868001,
            "count": 70
        },
        "Breakout.Policy.Epsilon.mean": {
            "value": 0.1304861,
            "min": 0.1304861,
            "max": 0.19948000000000002,
            "count": 70
        },
        "Breakout.Policy.Epsilon.sum": {
            "value": 0.5219444,
            "min": 0.5219444,
            "max": 0.9927132000000001,
            "count": 70
        },
        "Breakout.Policy.Beta.mean": {
            "value": 0.00015938189000000002,
            "min": 0.00015938189000000002,
            "max": 0.000497452,
            "count": 70
        },
        "Breakout.Policy.Beta.sum": {
            "value": 0.0006375275600000001,
            "min": 0.0006375275600000001,
            "max": 0.00246429468,
            "count": 70
        },
        "Breakout.IsTraining.mean": {
            "value": 1.0,
            "min": 1.0,
            "max": 1.0,
            "count": 70
        },
        "Breakout.IsTraining.sum": {
            "value": 1.0,
            "min": 1.0,
            "max": 1.0,
            "count": 70
        }
    },
    "metadata": {
        "timer_format_version": "0.1.0",
        "start_time_seconds": "1747062973",
        "python_version": "3.10.11 (tags/v3.10.11:7d4cc5a, Apr  5 2023, 00:38:17) [MSC v.1929 64 bit (AMD64)]",
        "command_line_arguments": "C:\\Users\\Joe\\mlagents-env\\Scripts\\mlagents-learn Assets/config/breakout_config.yaml --run-id=breakout_headless_ts20 --env=C:/Users/Joe/BreakoutBuild/CS-467.exe --no-graphics --time-scale=20 --force",
        "mlagents_version": "1.1.0",
        "mlagents_envs_version": "1.1.0",
        "communication_protocol_version": "1.5.0",
        "pytorch_version": "2.6.0+cu118",
        "numpy_version": "1.23.5",
        "end_time_seconds": "1747067263"
    },
    "total": 4289.438975500001,
    "count": 1,
    "self": 0.22693439999420661,
    "children": {
        "run_training.setup": {
            "total": 0.09851730000809766,
            "count": 1,
            "self": 0.09851730000809766
        },
        "TrainerController.start_learning": {
            "total": 4289.113523799999,
            "count": 1,
            "self": 12.430325191977317,
            "children": {
                "TrainerController._reset_env": {
                    "total": 5.934073299999,
                    "count": 1,
                    "self": 5.934073299999
                },
                "TrainerController.advance": {
                    "total": 4270.663193608038,
                    "count": 700254,
                    "self": 11.637713602482108,
                    "children": {
                        "env_step": {
                            "total": 3734.4864016025967,
                            "count": 700254,
                            "self": 1721.9717885023856,
                            "children": {
                                "SubprocessEnvManager._take_step": {
                                    "total": 2004.391415802791,
                                    "count": 700254,
                                    "self": 34.60921370303549,
                                    "children": {
                                        "TorchPolicy.evaluate": {
                                            "total": 1969.7822020997555,
                                            "count": 700254,
                                            "self": 1969.7822020997555
                                        }
                                    }
                                },
                                "workers": {
                                    "total": 8.12319729742012,
                                    "count": 700253,
                                    "self": 0.0,
                                    "children": {
                                        "worker_root": {
                                            "total": 4261.499643802745,
                                            "count": 700253,
                                            "is_parallel": true,
                                            "self": 3151.3294729059417,
                                            "children": {
                                                "steps_from_proto": {
                                                    "total": 0.0003265999985160306,
                                                    "count": 1,
                                                    "is_parallel": true,